{
    "BDFDB": true,
    "ZeresPluginLibrary": true,
    "BetterSyntax": false,
    "Copier": true,
    "FreeEmojis": true,
    "EmojiStatistics": true,
    "MessageUtilities": true,
    "PersonalPins": true,
    "PinDMs": false,
    "SendStickersAsLinks": true,
    "Snowfall": true,
    "BetterVolume": false,
    "ImageUtilities": true,
    "NotificationSounds": true,
    "PluginRepo": true,
    "ThemeRepo": true,
    "Translator": false,
    "TypingIndicator": true,
    "AddReaction": true,
    "AppNotifications": true,
    "AutoStartRichPresence": false,
    "ChannelDms": false,
    "CharCounter": true,
    "ChatAliases": true,
    "Embed More Images": true,
    "EmojiParty": false,
    "enhancecodeblocks": false,
    "FileViewer": true,
    "BetterFolders": true,
    "FriendNotifications": true
}